Category,total_races,average_finish_time_minutes,standard_deviation
100M,23,1052.777391,529.2325936693396
100K,30,533.364333,112.06171257571563
50K,66,293.413182,79.64403011398409
20K,10,136.800000,56.11219059467678
