days_between_races,percentile_finish_overall
"0 - 49",2.052826
"50 - 99",2.855385
"100 - 149",5.166667
"150 - 199",1.834000
"200 - 249",12.442000
"250 - 299",2.180000
